Date_Time,Username,Opeartion
2026-05-28 11:23,Admin,Logged In
2026-05-28 11:24,Admin,Logged Out
2026-05-28 12:13,Admin,Logged In
2026-05-28 12:16,Admin,Logged In
2026-05-28 22:27,Admin,Loged In
2026-05-28 22:27,Admin,Logged Out
2026-05-29 14:12,aegonv,Registration
2026-05-29 14:21,redrobwedding,Registration
2026-05-29 14:42,Admin,Logged In
2026-05-29 15:54,ashpibit02,Registration
2026-05-29 15:56,Admin,Registration
2026-05-29 16:36,Admin,Logged In
2026-05-29 16:36,Admin,Logged Out
2026-05-29 16:36,ashpibit02,Logged In
2026-05-29 16:43,ageonv,Registration
2026-05-29 16:46,edstarksice,Registration
2026-05-29 16:47,edstarksice,Logged In
2026-05-29 17:18,redrobwedding,Registration
2026-05-29 17:18,redrobwedding,Logged In
2026-05-29 17:22,TheWisher,Registration
2026-05-29 17:26,ashpibit02,Logged In
2026-05-29 17:36,ashpibit02,Logged In
2026-05-30 08:56,ashpibit02,Logged In
2026-05-30 09:03,ashpibit02,Logged In
2026-05-30 09:19,TheSpider,Registration
2026-05-30 09:31,Admin,Logged In
2026-05-30 09:31,Admin,Logged Out
2026-05-30 09:31,ashpibit02,Logged In
2026-05-30 09:31,ashpibit02,Logged In
2026-05-30 23:32,Admin,Logged In
2026-05-31 10:07,ashpibit02,Logged In
2026-05-31 10:08,Admin,Logged In
2026-05-31 10:18,Admin,Logged In
2026-05-31 10:20,Admin,Logged In
2026-05-31 10:23,Admin,Logged In
2026-05-31 10:25,Admin,Logged In
2026-05-31 10:26,Admin,Logged In
2026-05-31 10:28,Admin,Logged In
2026-05-31 10:29,Admin,Logged In
2026-05-31 10:29,Admin,Logged In
2026-05-31 10:30,Admin,Logged In